Leadership,1, Room L1,08-24-2020 8:00AM,08-24-2020 11:00AM
Discovery,1, Room B1,08-24-2020 8:00AM,08-24-2020 11:00AM
Mentorship,1, Room C2,08-24-2020 8:00AM,08-24-2020 11:00AM
Pitching,2, Room L1,08-24-2020 12:30AM,08-24-2020 2:00PM
Power Company Simulation,2, Room B1,08-24-2020 12:30AM,08-24-2020 2:00PM
Exit Strategy,2, Room C2,08-24-2020 12:30AM,08-24-2020 2:00PM
Networking,3, Room L1,08-24-2020 2:30PM,08-24-2020 5:00PM
Money Management,3, Room B1,08-24-2020 2:30PM,08-24-2020 5:00PM
Sales,3, Room C2,08-24-2020 2:30PM,08-24-2020 5:00PM
Leadership,1, Room L1,08-25-2020 8:00AM,08-25-2020 11:00AM
Discovery,1, Room B1,08-25-2020 8:00AM,08-25-2020 11:00AM
Mentorship,1, Room C2,08-25-2020 8:00AM,08-25-2020 11:00AM
Pitching,2, Room L1,08-25-2020 12:30AM,08-25-2020 2:00PM
Power Company Simulation,2, Room B1,08-25-2020 12:30AM,08-25-2020 2:00PM
Exit Strategy,2, Room C2,08-25-2020 12:30AM,08-25-2020 2:00PM
Networking,3, Room L1,08-25-2020 2:30PM,08-25-2020 5:00PM
Money Management,3, Room B1,08-25-2020 2:30PM,08-25-2020 5:00PM
Sales,3, Room C2,08-25-2020 2:30PM,08-25-2020 5:00PM
Leadership,1, Room L1,08-26-2020 8:00AM,08-26-2020 11:00AM
Discovery,1, Room B1,08-26-2020 8:00AM,08-26-2020 11:00AM
Mentorship,1, Room C2,08-26-2020 8:00AM,08-26-2020 11:00AM
Pitching,2, Room L1,08-26-2020 12:30AM,08-26-2020 2:00PM
Power Company Simulation,2, Room B1,08-26-2020 12:30AM,08-26-2020 2:00PM
Exit Strategy,2, Room C2,08-26-2020 12:30AM,08-26-2020 2:00PM
Networking,3, Room L1,08-26-2020 2:30PM,08-26-2020 5:00PM
Money Management,3, Room B1,08-26-2020 2:30PM,08-26-2020 5:00PM
Sales,3, Room C2,08-26-2020 2:30PM,08-26-2020 5:00PM
Leadership,1, Room L1,08-27-2020 8:00AM,08-27-2020 11:00AM
Discovery,1, Room B1,08-27-2020 8:00AM,08-27-2020 11:00AM
Mentorship,1, Room C2,08-27-2020 8:00AM,08-27-2020 11:00AM
Pitching,2, Room L1,08-27-2020 12:30PM,08-27-2020 2:00PM
Power Company Simulation,2, Room B1,08-27-2020 12:30PM,08-27-2020 2:00PM
Exit Strategy,2, Room C2,08-27-2020 12:30PM,08-27-2020 2:00PM
Networking,3, Room L1,08-27-2020 2:30PM,08-27-2020 5:00PM
Money Management,3, Room B1,08-27-2020 2:30PM,08-27-2020 5:00PM
Sales,3, Room C2,08-27-2020 2:30PM,08-27-2020 5:00PM
Leadership,1, Room L1,08-27-2020 8:00AM,08-27-2020 11:00AM
Discovery,1, Room B1,08-27-2020 8:00AM,08-27-2020 11:00AM
Mentorship,1, Room C2,08-27-2020 8:00AM,08-27-2020 11:00AM
Pitching,2, Room L1,08-27-2020 12:30PM,08-27-2020 2:00PM
Power Company Simulation,2, Room B1,08-27-2020 12:30PM,08-27-2020 2:00PM
Exit Strategy,2, Room C2,08-27-2020 12:30PM,08-27-2020 2:00PM
Networking,3, Room L1,08-27-2020 2:30PM,08-27-2020 5:00PM
Money Management,3, Room B1,08-27-2020 2:30PM,08-27-2020 5:00PM
Sales,3, Room C2,08-27-2020 2:30PM,08-27-2020 5:00PM
